[{"ID": "TME", "Name": "Haven", "Organizer": "Admin Skye", "Start Date": "2022-01-25", "Start Time": "10:40:00", "End Date": "2022-01-25", "End Time": "14:40:00", "Users Registered": ["Brimstone Sharma"], "Capacity": 50, "Seats Available": 49}, {"ID": "YXE", "Name": "Ascent", "Organizer": "Admin Skye", "Start Date": "2021-12-19", "Start Time": "15:00:00", "End Date": "2021-12-19", "End Time": "15:50:00", "Users Registered": ["Brimstone Sharma", "Omen Kumar"], "Capacity": 10, "Seats Available": 8}, {"ID": "AW4", "Name": "IceBox", "Organizer": "Admin Cypher", "Start Date": "2022-02-10", "Start Time": "12:50:00", "End Date": "2022-02-10", "End Time": "13:40:00", "Users Registered": [], "Capacity": 100, "Seats Available": 100}]